first_name;last_name;email;imagelink;ip_address
Leonelle;Josephov;ljosephov0@wisc.edu;http://dummyimage.com/195x159.png/ff4444/ffffff;136.118.245.168
Raffarty;Mosdall;rmosdall1@uol.com.br;http://dummyimage.com/196x205.png/cc0000/ffffff;165.63.160.135
Keslie;Cowdery;kcowdery2@free.fr;http://dummyimage.com/249x211.png/dddddd/000000;146.154.169.13
Blythe;Huddy;bhuddy3@comcast.net;http://dummyimage.com/128x129.png/ff4444/ffffff;7.35.132.197
Tremaine;Simanek;tsimanek4@icq.com;http://dummyimage.com/120x109.png/5fa2dd/ffffff;44.28.231.56
Daveta;Cameli;dcameli5@unicef.org;http://dummyimage.com/230x135.png/cc0000/ffffff;87.214.223.69
Nelie;Lednor;nlednor6@bbb.org;http://dummyimage.com/203x121.png/cc0000/ffffff;220.191.15.38
Haven;Murby;hmurby7@elegantthemes.com;http://dummyimage.com/195x154.png/dddddd/000000;147.44.107.223
Abigale;Medland;amedland8@clickbank.net;http://dummyimage.com/132x194.png/dddddd/000000;250.61.84.158
Claretta;Billington;cbillington9@weebly.com;http://dummyimage.com/242x160.png/dddddd/000000;151.195.155.138
Barbra;Espinheira;bespinheiraa@usnews.com;http://dummyimage.com/200x179.png/5fa2dd/ffffff;114.137.22.244
Emmit;Learoid;elearoidb@wired.com;http://dummyimage.com/143x215.png/dddddd/000000;150.176.53.61
Danella;Brolechan;dbrolechanc@examiner.com;http://dummyimage.com/242x138.png/dddddd/000000;144.73.65.193
Gaby;Leaton;gleatond@xing.com;http://dummyimage.com/128x123.png/ff4444/ffffff;190.225.155.142
Raphael;Avon;ravone@google.co.uk;http://dummyimage.com/187x183.png/5fa2dd/ffffff;127.213.153.161
Roddie;Rastrick;rrastrickf@theatlantic.com;http://dummyimage.com/102x156.png/5fa2dd/ffffff;237.131.242.119
Shayne;Lorenzo;slorenzog@woothemes.com;http://dummyimage.com/215x240.png/5fa2dd/ffffff;246.19.69.148
Gabie;Fosserd;gfosserdh@t.co;http://dummyimage.com/121x233.png/ff4444/ffffff;194.135.169.61
Arliene;Rein;areini@eepurl.com;http://dummyimage.com/214x146.png/5fa2dd/ffffff;97.198.255.131
Bevon;Grundle;bgrundlej@clickbank.net;http://dummyimage.com/115x233.png/dddddd/000000;8.178.163.175
Natalya;Eckford;neckfordk@mozilla.org;http://dummyimage.com/132x163.png/ff4444/ffffff;169.55.22.62
Miriam;Newlands;mnewlandsl@creativecommons.org;http://dummyimage.com/215x195.png/ff4444/ffffff;234.46.212.191
Doti;Shorten;dshortenm@barnesandnoble.com;http://dummyimage.com/216x250.png/5fa2dd/ffffff;129.244.197.97
Demott;Clee;dcleen@squidoo.com;http://dummyimage.com/187x218.png/dddddd/000000;59.221.233.149
Shadow;Desport;sdesporto@friendfeed.com;http://dummyimage.com/128x233.png/5fa2dd/ffffff;211.161.30.12
Maxim;Farrance;mfarrancep@cbsnews.com;http://dummyimage.com/248x125.png/5fa2dd/ffffff;112.54.144.151
Stephana;Dudderidge;sdudderidgeq@acquirethisname.com;http://dummyimage.com/190x113.png/cc0000/ffffff;6.85.47.73
Jordanna;Huey;jhueyr@ucsd.edu;http://dummyimage.com/138x156.png/5fa2dd/ffffff;149.208.245.56
Boniface;O'Devey;bodeveys@shareasale.com;http://dummyimage.com/166x235.png/cc0000/ffffff;89.126.151.250
Linc;Kimber;lkimbert@youku.com;http://dummyimage.com/223x179.png/ff4444/ffffff;127.211.46.186
Fielding;Elgey;felgeyu@4shared.com;http://dummyimage.com/242x160.png/dddddd/000000;50.146.195.187
Maegan;Pacquet;mpacquetv@abc.net.au;http://dummyimage.com/239x170.png/ff4444/ffffff;209.100.122.22
Nanci;Hillock;nhillockw@answers.com;http://dummyimage.com/165x243.png/5fa2dd/ffffff;78.173.207.220
Rem;Ballard;rballardx@guardian.co.uk;http://dummyimage.com/249x147.png/5fa2dd/ffffff;36.193.44.22
Maje;O'Fearguise;mofearguisey@bbc.co.uk;http://dummyimage.com/135x166.png/dddddd/000000;0.254.111.122
Timmie;Crosser;tcrosserz@psu.edu;http://dummyimage.com/237x242.png/ff4444/ffffff;6.168.201.26
Mackenzie;Cudd;mcudd10@sina.com.cn;http://dummyimage.com/139x150.png/dddddd/000000;223.55.96.44
Issiah;Brettell;ibrettell11@cnbc.com;http://dummyimage.com/131x216.png/dddddd/000000;35.35.107.147
Lionello;Ansett;lansett12@biblegateway.com;http://dummyimage.com/229x165.png/cc0000/ffffff;55.71.74.247
Tyne;Axcell;taxcell13@umn.edu;http://dummyimage.com/189x204.png/dddddd/000000;69.199.54.25
Selma;Orrick;sorrick14@state.tx.us;http://dummyimage.com/213x244.png/dddddd/000000;133.177.109.254
Isabelita;Lawty;ilawty15@hostgator.com;http://dummyimage.com/163x216.png/ff4444/ffffff;51.29.155.69
Amalita;Garriock;agarriock16@wired.com;http://dummyimage.com/135x208.png/dddddd/000000;188.198.135.239
Fanchette;Mingasson;fmingasson17@spiegel.de;http://dummyimage.com/165x151.png/ff4444/ffffff;228.226.140.231
Fawn;Plues;fplues18@go.com;http://dummyimage.com/121x158.png/ff4444/ffffff;120.207.127.193
Jenni;Laurent;jlaurent19@ed.gov;http://dummyimage.com/181x153.png/dddddd/000000;17.137.126.116
Rosene;Smetoun;rsmetoun1a@virginia.edu;http://dummyimage.com/113x202.png/ff4444/ffffff;33.44.163.66
Rosie;Tollet;rtollet1b@bbc.co.uk;http://dummyimage.com/138x226.png/cc0000/ffffff;159.213.55.1
Danella;Westnedge;dwestnedge1c@sciencedirect.com;http://dummyimage.com/197x182.png/5fa2dd/ffffff;81.225.180.79
Junie;Turfitt;jturfitt1d@ftc.gov;http://dummyimage.com/190x198.png/5fa2dd/ffffff;228.214.71.210
